Region,Country,Item Type,Sales Channel,Units Sold,Unit Price
Sub-Saharan Africa,Kenya,Cosmetics,Online,1196,362.97
Europe,Spain,Fruits,Online,8323,101.53
Europe,Italy,Cosmetics,Online,3953,48.1
North America,Canada,Fruits,Online,3667,280.8
Europe,Norway,Fruits,Offline,822,429.77
Europe,Norway,Cereal,Offline,6877,71.17
Europe,Norway,Clothes,Online,1698,259.67
Asia,Japan,Baby Food,Online,9256,34.69
Asia,Japan,Office Supplies,Offline,5156,209.67
North America,Mexico,Clothes,Online,2955,310.27
Asia,India,Fruits,Offline,8614,222.4
Sub-Saharan Africa,Ghana,Clothes,Online,1944,229.64
Asia,Japan,Cereal,Offline,6919,25.9
Europe,Norway,Fruits,Offline,5582,308.67
North America,Mexico,Baby Food,Online,4432,213.34
Europe,France,Office Supplies,Offline,9479,437.02
North America,Mexico,Office Supplies,Offline,5695,18.72
North America,Mexico,Cereal,Online,8098,34.41
Sub-Saharan Africa,Kenya,Office Supplies,Online,6529,177.5
North America,Canada,Cereal,Offline,6590,245.81
Asia,Japan,Fruits,Offline,6814,434.17
North America,Canada,Cereal,Online,2897,74.21
Asia,India,Cosmetics,Online,4314,130.51
Asia,Japan,Fruits,Offline,9288,146.32
Asia,Vietnam,Fruits,Online,7491,396.7
North America,Mexico,Cosmetics,Offline,1706,216.54
North America,Canada,Cereal,Online,3430,198.91
Europe,Spain,Fruits,Online,1687,9.1
Asia,Vietnam,Baby Food,Offline,427,39.31
Asia,Vietnam,Cosmetics,Online,4142,420.81
Sub-Saharan Africa,Ghana,Baby Food,Online,8006,437.03
North America,Mexico,Cosmetics,Offline,1417,71.11
Sub-Saharan Africa,Ghana,Cosmetics,Online,8469,18.95
Sub-Saharan Africa,Kenya,Office Supplies,Online,8662,137.48
Europe,Spain,Fruits,Offline,2746,162.31
Asia,Vietnam,Fruits,Offline,3664,273.3
Asia,India,Cosmetics,Online,3285,232.1
Sub-Saharan Africa,Kenya,Baby Food,Offline,7747,120.7
Sub-Saharan Africa,Ghana,Office Supplies,Offline,5984,43.71
Europe,Germany,Cosmetics,Online,5543,97.08
Europe,Italy,Office Supplies,Offline,1399,368.73
Europe,Italy,Office Supplies,Online,7842,392.16
North America,Mexico,Baby Food,Offline,7598,182.0
Europe,Germany,Cereal,Online,461,74.15
North America,Canada,Fruits,Offline,5751,76.2
Asia,India,Baby Food,Online,8637,332.03
Asia,Japan,Cereal,Online,468,117.54
Sub-Saharan Africa,Kenya,Fruits,Offline,4259,243.62
Asia,India,Office Supplies,Offline,7516,294.53
North America,Canada,Fruits,Online,8587,229.05
North America,Canada,Fruits,Online,2464,83.28
North America,Canada,Fruits,Online,5350,303.08
North America,Canada,Fruits,Online,4081,91.45
Europe,France,Fruits,Offline,9213,21.01
Europe,Italy,Clothes,Online,4551,203.96
North America,Canada,Office Supplies,Offline,9177,393.78
Asia,Japan,Cereal,Offline,2002,178.11
Sub-Saharan Africa,Kenya,Office Supplies,Online,7027,40.52
Sub-Saharan Africa,Kenya,Cereal,Offline,2352,118.09
Asia,Japan,Cereal,Online,6535,390.41
Asia,Vietnam,Cereal,Online,7080,437.45
North America,Mexico,Cosmetics,Online,5852,146.28
Sub-Saharan Africa,Kenya,Clothes,Offline,7226,312.06
North America,Mexico,Fruits,Offline,8402,423.09
Europe,Germany,Baby Food,Online,4361,126.2
Asia,Japan,Cereal,Offline,4247,183.96
North America,Mexico,Baby Food,Offline,952,353.62
Asia,Japan,Baby Food,Offline,285,282.44
Sub-Saharan Africa,Kenya,Fruits,Online,1101,122.98
Europe,Italy,Baby Food,Offline,9071,189.05
Sub-Saharan Africa,Kenya,Baby Food,Online,1803,426.73
Sub-Saharan Africa,Kenya,Cereal,Online,5121,279.96
Asia,Japan,Cosmetics,Online,4442,158.56
Europe,Spain,Baby Food,Online,312,324.96
Asia,Vietnam,Cosmetics,Online,7334,54.81
North America,Mexico,Fruits,Offline,8311,141.65
Asia,India,Clothes,Online,2299,183.42
Sub-Saharan Africa,Kenya,Cereal,Online,1168,278.57
Sub-Saharan Africa,Ghana,Cereal,Online,1394,295.71
North America,Mexico,Fruits,Online,4811,28.5
Asia,India,Clothes,Offline,69,122.46
Sub-Saharan Africa,Ghana,Cereal,Online,5081,102.9
Asia,India,Clothes,Offline,1384,213.57
Asia,India,Fruits,Online,1498,122.86
Europe,Germany,Cosmetics,Online,6464,18.69
Sub-Saharan Africa,Kenya,Baby Food,Online,9784,176.88
Sub-Saharan Africa,Ghana,Cereal,Offline,2381,27.87
North America,Canada,Fruits,Online,9579,352.92
Asia,India,Baby Food,Online,2190,283.6
Europe,Italy,Cosmetics,Online,318,278.9
Asia,Japan,Clothes,Online,7496,352.81
Europe,Norway,Baby Food,Offline,4141,357.77
Sub-Saharan Africa,Kenya,Office Supplies,Online,3790,327.87
North America,Mexico,Cosmetics,Online,7858,401.41
Sub-Saharan Africa,Kenya,Fruits,Online,1279,267.47
Sub-Saharan Africa,Ghana,Office Supplies,Offline,9312,66.51
North America,Canada,Cosmetics,Offline,1640,307.33
North America,Mexico,Office Supplies,Offline,7623,209.8
Europe,Norway,Cereal,Offline,1416,412.53
Europe,Spain,Cosmetics,Online,8310,426.25
